{"train loss": 0.003607134334743023, "step": 51, "epoch": 3, "_timestamp": 1711544651.261015, "_runtime": 3096.006880044937, "_step": 50}