{"train loss": 0.0032423934899270535, "step": 77, "epoch": 1, "_timestamp": 1711543464.9000103, "_runtime": 2824.045241355896, "_step": 76}