{"train loss": 0.0034736297093331814, "step": 401, "epoch": 3, "_timestamp": 1711623001.6623044, "_runtime": 5952.046571493149, "_step": 400}