{"train loss": -6.153768062591553, "step": 2467, "epoch": 3, "_timestamp": 1711619695.846503, "_runtime": 65798.47615504265, "_step": 2466}