{"train loss": 0.9714327454566956, "step": 1147, "epoch": 1, "_timestamp": 1710878515.2869692, "_runtime": 13035.15596628189, "_step": 1146}