{"train loss": -0.00024980714078992605, "step": 3470, "epoch": 1, "_timestamp": 1711634352.657079, "_runtime": 58111.8558549881, "_step": 3469}