{"train loss": -0.0008556881221011281, "step": 3788, "epoch": 1, "_timestamp": 1711572587.0840874, "_runtime": 101196.35935425758, "_step": 3787}