{"train loss": -5.033802032470703, "step": 669, "epoch": 3, "_timestamp": 1711553375.2104685, "_runtime": 14229.669487476349, "_step": 668}