{"train loss": -5.977987766265869, "step": 1892, "epoch": 3, "_timestamp": 1711634356.4511788, "_runtime": 13742.89525771141, "_step": 1891}