{"train loss": 0.0032461569644510746, "step": 2541, "epoch": 3, "_timestamp": 1711616633.541944, "_runtime": 64668.9203979969, "_step": 2540}