{"train loss": 0.003944497089833021, "step": 1778, "epoch": 3, "_timestamp": 1711634359.0821333, "_runtime": 11177.614308357239, "_step": 1777}