{"train loss": 0.0027542770840227604, "step": 4368, "epoch": 1, "_timestamp": 1711535098.8537192, "_runtime": 63650.66846227646, "_step": 4367}