{"train loss": 0.851250946521759, "step": 1155, "epoch": 1, "_timestamp": 1710878516.3885672, "_runtime": 13036.31646323204, "_step": 1154}