{"train loss": 0.8831948637962341, "step": 1406, "epoch": 1, "_timestamp": 1711471373.478118, "_runtime": 4402.782428026199, "_step": 1405}