{"train loss": -0.06612841039896011, "step": 1194, "epoch": 2, "_timestamp": 1711634352.0243285, "_runtime": 14171.27558350563, "_step": 1193}