{"train loss": 0.0037932898849248886, "step": 2, "epoch": 3, "_timestamp": 1711616998.9212685, "_runtime": 82.54270935058594, "_step": 1}